#exp_id,rs,%_whole
22,0,0.611925
23,0.001,0.63357
24,0.0025,0.4522
25,0.005,0.5879
26,0.01,0.8041
27,0.02,0.831832
28,0.03,0.900398
